stepcount,actiontime,target_temp,current_temp,Pval,Ival,Dval,outcome,movement
0,20-53-29,65,19.6875,45.3125,0,0,1,2.265625
1,20-53-30,65,19.6875,45.3125,0,0,1,2.265625
2,20-53-31,65,19.6875,45.3125,0,0,1,2.265625
3,20-53-32,65,19.6875,45.3125,0,0,1,2.265625
4,20-53-33,65,19.6875,45.3125,0,0,1,2.265625
5,20-53-34,65,19.6875,45.3125,0,0,1,2.265625
